Instance,Class,Order,Family,Genus,Species,Reference,Processed alongside,Primers used,DNA Extraction kit,Genus.Species
1,,,,Acidovorax,unspecified,Salter et al. 2014,human-derived,unspecified,unspecified,Acidovorax.unspecified
2,,,,Acinetobacter,unspecified,Salter et al. 2014,human-derived,unspecified,unspecified,Acinetobacter.unspecified
3,,,,Afipia,unspecified,Salter et al. 2014,human-derived,unspecified,unspecified,Afipia.unspecified
4,,,,Aquabacterium,unspecified,Salter et al. 2014,human-derived,unspecified,unspecified,Aquabacterium.unspecified
5,,,,Arthrobacter,unspecified,Salter et al. 2014,human-derived,unspecified,unspecified,Arthrobacter.unspecified
6,,,,Asticcacaulis,unspecified,Salter et al. 2014,human-derived,unspecified,unspecified,Asticcacaulis.unspecified
7,,,,Aurantimonas,unspecified,Salter et al. 2014,human-derived,unspecified,unspecified,Aurantimonas.unspecified
8,,,,Azoarcus,unspecified,Salter et al. 2014,human-derived,unspecified,unspecified,Azoarcus.unspecified
9,,,,Azospira,unspecified,Salter et al. 2014,human-derived,unspecified,unspecified,Azospira.unspecified
10,,,,Bacillus,unspecified,Salter et al. 2014,human-derived,unspecified,unspecified,Bacillus.unspecified
11,,,,Beijerinckia,unspecified,Salter et al. 2014,human-derived,unspecified,unspecified,Beijerinckia.unspecified
12,,,,Beutenbergia,unspecified,Salter et al. 2014,human-derived,unspecified,unspecified,Beutenbergia.unspecified
13,,,,Bosea,unspecified,Salter et al. 2014,human-derived,unspecified,unspecified,Bosea.unspecified
14,,,,Bradyrhizobium,unspecified,Salter et al. 2014,human-derived,unspecified,unspecified,Bradyrhizobium.unspecified
15,,,,Brevibacillus,unspecified,Salter et al. 2014,human-derived,unspecified,unspecified,Brevibacillus.unspecified
16,,,,Brevibacterium,unspecified,Salter et al. 2014,human-derived,unspecified,unspecified,Brevibacterium.unspecified
17,,,,Brevundimonas,unspecified,Salter et al. 2014,human-derived,unspecified,unspecified,Brevundimonas.unspecified
18,,,,Brochothrix,unspecified,Salter et al. 2014,human-derived,unspecified,unspecified,Brochothrix.unspecified
19,,,,Burkholderia,unspecified,Salter et al. 2014,human-derived,unspecified,unspecified,Burkholderia.unspecified
20,,,,Caulobacter,unspecified,Salter et al. 2014,human-derived,unspecified,unspecified,Caulobacter.unspecified
21,,,,Chryseobacterium,unspecified,Salter et al. 2014,human-derived,unspecified,unspecified,Chryseobacterium.unspecified
22,,,,Comamonas,unspecified,Salter et al. 2014,human-derived,unspecified,unspecified,Comamonas.unspecified
23,,,,Corynebacterium,unspecified,Salter et al. 2014,human-derived,unspecified,unspecified,Corynebacterium.unspecified
24,,,,Craurococcus,unspecified,Salter et al. 2014,human-derived,unspecified,unspecified,Craurococcus.unspecified
25,,,,Cupriavidus,unspecified,Salter et al. 2014,human-derived,unspecified,unspecified,Cupriavidus.unspecified
26,,,,Curtobacterium,unspecified,Salter et al. 2014,human-derived,unspecified,unspecified,Curtobacterium.unspecified
27,,,,Curvibacter,unspecified,Salter et al. 2014,human-derived,unspecified,unspecified,Curvibacter.unspecified
28,,,,Deinococcus,unspecified,Salter et al. 2014,human-derived,unspecified,unspecified,Deinococcus.unspecified
29,,,,Delftia,unspecified,Salter et al. 2014,human-derived,unspecified,unspecified,Delftia.unspecified
30,,,,Devosia,unspecified,Salter et al. 2014,human-derived,unspecified,unspecified,Devosia.unspecified
31,,,,Dietzia,unspecified,Salter et al. 2014,human-derived,unspecified,unspecified,Dietzia.unspecified
32,,,,Duganella,unspecified,Salter et al. 2014,human-derived,unspecified,unspecified,Duganella.unspecified
33,,,,Dyadobacter,unspecified,Salter et al. 2014,human-derived,unspecified,unspecified,Dyadobacter.unspecified
34,,,,Flavobacterium,unspecified,Salter et al. 2014,human-derived,unspecified,unspecified,Flavobacterium.unspecified
35,,,,Geodermatophilus,unspecified,Salter et al. 2014,human-derived,unspecified,unspecified,Geodermatophilus.unspecified
36,,,,Gp2,unspecified,Salter et al. 2014,S. bongori pure culture,V1-V2,Fast DNA Spin Kit for Soil,Gp2.unspecified
37,,,,Gp3,unspecified,Salter et al. 2014,S. bongori pure culture,V1-V2,Fast DNA Spin Kit for Soil,Gp3.unspecified
38,,,,Herbaspirillum,unspecified,Salter et al. 2014,human-derived,unspecified,unspecified,Herbaspirillum.unspecified
39,,,,Hoeflea,unspecified,Salter et al. 2014,human-derived,unspecified,unspecified,Hoeflea.unspecified
40,,,,Hydrotalea,unspecified,Salter et al. 2014,human-derived,unspecified,unspecified,Hydrotalea.unspecified
41,,,,Janibacter,unspecified,Salter et al. 2014,human-derived,unspecified,unspecified,Janibacter.unspecified
42,,,,Janthinobacterium,unspecified,Salter et al. 2014,human-derived,unspecified,unspecified,Janthinobacterium.unspecified
43,,,,Kingella,unspecified,Salter et al. 2014,human-derived,unspecified,unspecified,Kingella.unspecified
44,,,,Kocuria,unspecified,Salter et al. 2014,human-derived,unspecified,unspecified,Kocuria.unspecified
45,,,,Leptothrix,unspecified,Salter et al. 2014,human-derived,unspecified,unspecified,Leptothrix.unspecified
46,,,,Limnobacter,unspecified,Salter et al. 2014,human-derived,unspecified,unspecified,Limnobacter.unspecified
47,,,,Massilia,unspecified,Salter et al. 2014,human-derived,unspecified,unspecified,Massilia.unspecified
48,,,,Mesorhizobium,unspecified,Salter et al. 2014,human-derived,unspecified,unspecified,Mesorhizobium.unspecified
49,,,,Methylobacterium,unspecified,Salter et al. 2014,human-derived,unspecified,unspecified,Methylobacterium.unspecified
50,,,,Methylophilus,unspecified,Salter et al. 2014,human-derived,unspecified,unspecified,Methylophilus.unspecified
51,,,,Microbacterium,unspecified,Salter et al. 2014,human-derived,unspecified,unspecified,Microbacterium.unspecified
52,,,,Micrococcus,unspecified,Salter et al. 2014,human-derived,unspecified,unspecified,Micrococcus.unspecified
53,,,,Microlunatus,unspecified,Salter et al. 2014,human-derived,unspecified,unspecified,Microlunatus.unspecified
54,,,,Niastella,unspecified,Salter et al. 2014,human-derived,unspecified,unspecified,Niastella.unspecified
55,,,,Novosphingobium,unspecified,Salter et al. 2014,human-derived,unspecified,unspecified,Novosphingobium.unspecified
56,,,,Ochrobactrum,unspecified,Salter et al. 2014,human-derived,unspecified,unspecified,Ochrobactrum.unspecified
57,,,,Olivibacter,unspecified,Salter et al. 2014,human-derived,unspecified,unspecified,Olivibacter.unspecified
58,,,,Oxalobacter,unspecified,Salter et al. 2014,human-derived,unspecified,unspecified,Oxalobacter.unspecified
59,,,,Paenibacillus,unspecified,Salter et al. 2014,human-derived,unspecified,unspecified,Paenibacillus.unspecified
60,,,,Paracoccus,unspecified,Salter et al. 2014,human-derived,unspecified,unspecified,Paracoccus.unspecified
61,,,,Patulibacter,unspecified,Salter et al. 2014,human-derived,unspecified,unspecified,Patulibacter.unspecified
62,,,,Pedobacter,unspecified,Salter et al. 2014,human-derived,unspecified,unspecified,Pedobacter.unspecified
63,,,,Pedomicrobium,unspecified,Salter et al. 2014,human-derived,unspecified,unspecified,Pedomicrobium.unspecified
64,,,,Pelomonas,unspecified,Salter et al. 2014,human-derived,unspecified,unspecified,Pelomonas.unspecified
65,,,,Phyllobacterium,unspecified,Salter et al. 2014,human-derived,unspecified,unspecified,Phyllobacterium.unspecified
66,,,,Polaromonas,unspecified,Salter et al. 2014,human-derived,unspecified,unspecified,Polaromonas.unspecified
67,,,,Propionibacterium,unspecified,Salter et al. 2014,human-derived,unspecified,unspecified,Propionibacterium.unspecified
68,,,,Racklamia,unspecified,Salter et al. 2014,human-derived,unspecified,unspecified,Racklamia.unspecified
69,,,,Ralstonia,unspecified,Salter et al. 2014,human-derived,unspecified,unspecified,Ralstonia.unspecified
70,,,,Rhizobium,unspecified,Salter et al. 2014,human-derived,unspecified,unspecified,Rhizobium.unspecified
71,,,,Rhodococcus,unspecified,Salter et al. 2014,human-derived,unspecified,unspecified,Rhodococcus.unspecified
72,,,,Roseomonas,unspecified,Salter et al. 2014,human-derived,unspecified,unspecified,Roseomonas.unspecified
73,,,,Schlegelella,unspecified,Salter et al. 2014,human-derived,unspecified,unspecified,Schlegelella.unspecified
74,,,,Sphingobium,unspecified,Salter et al. 2014,human-derived,unspecified,unspecified,Sphingobium.unspecified
75,,,,Sphingomonas,unspecified,Salter et al. 2014,human-derived,unspecified,unspecified,Sphingomonas.unspecified
76,,,,Sphingopyxis,unspecified,Salter et al. 2014,human-derived,unspecified,unspecified,Sphingopyxis.unspecified
77,,,,Streptococcus,unspecified,Salter et al. 2014,human-derived,unspecified,unspecified,Streptococcus.unspecified
78,,,,Sulfuritalea,unspecified,Salter et al. 2014,human-derived,unspecified,unspecified,Sulfuritalea.unspecified
79,,,,Tsukamurella,unspecified,Salter et al. 2014,human-derived,unspecified,unspecified,Tsukamurella.unspecified
80,,,,Undibacterium,unspecified,Salter et al. 2014,human-derived,unspecified,unspecified,Undibacterium.unspecified
81,,,,Variovorax,unspecified,Salter et al. 2014,human-derived,unspecified,unspecified,Variovorax.unspecified
82,,,,Wautersiella,unspecified,Salter et al. 2014,human-derived,unspecified,unspecified,Wautersiella.unspecified
83,,,,Brevibacterium,unspecified,Salter et al. 2014,S. bongori,V1-V2,Fast DNA Spin Kit for Soil,Brevibacterium.unspecified
84,,,,Dietzia,unspecified,Salter et al. 2014,S. bongori,V1-V2,Fast DNA Spin Kit for Soil,Dietzia.unspecified
85,,,,Zimmermannella,unspecified,Salter et al. 2014,S. bongori,V1-V2,Fast DNA Spin Kit for Soil,Zimmermannella.unspecified
86,,,,Microlunatus,unspecified,Salter et al. 2014,S. bongori,V1-V2,Fast DNA Spin Kit for Soil,Microlunatus.unspecified
87,,,Propionibacteriaceae,unspecified,unspecified,Salter et al. 2014,S. bongori,V1-V2,Fast DNA Spin Kit for Soil,unspecified.unspecified
88,,,,Sanguibacter,unspecified,Salter et al. 2014,S. bongori,V1-V2,Fast DNA Spin Kit for Soil,Sanguibacter.unspecified
89,,,,Bifidobacterium,unspecified,Salter et al. 2014,S. bongori,V1-V2,Fast DNA Spin Kit for Soil,Bifidobacterium.unspecified
90,Actinobacteria,unspecified,unspecified,unspecified,unspecified,Salter et al. 2014,S. bongori,V1-V2,Fast DNA Spin Kit for Soil,unspecified.unspecified
91,,,Porphyromonadaceae,unspecified,unspecified,Salter et al. 2014,S. bongori,V1-V2,Fast DNA Spin Kit for Soil,unspecified.unspecified
92,,,,Prevotella,unspecified,Salter et al. 2014,S. bongori,V1-V2,Fast DNA Spin Kit for Soil,Prevotella.unspecified
93,,,,Wautersiella,unspecified,Salter et al. 2014,S. bongori,V1-V2,Fast DNA Spin Kit for Soil,Wautersiella.unspecified
94,,,,Filimonas,unspecified,Salter et al. 2014,S. bongori,V1-V2,Fast DNA Spin Kit for Soil,Filimonas.unspecified
95,,,,Hydrotalea,unspecified,Salter et al. 2014,S. bongori,V1-V2,Fast DNA Spin Kit for Soil,Hydrotalea.unspecified
96,,,Chitinophagaceae,unspecified,unspecified,Salter et al. 2014,S. bongori,V1-V2,Fast DNA Spin Kit for Soil,unspecified.unspecified
97,,,,Hymenobacter,unspecified,Salter et al. 2014,S. bongori,V1-V2,Fast DNA Spin Kit for Soil,Hymenobacter.unspecified
98,,,,Deinococcus,unspecified,Salter et al. 2014,S. bongori,V1-V2,Fast DNA Spin Kit for Soil,Deinococcus.unspecified
99,,,,Bacillus,unspecified,Salter et al. 2014,S. bongori,V1-V2,Fast DNA Spin Kit for Soil,Bacillus.unspecified
100,,,,Exiguobacterium,unspecified,Salter et al. 2014,S. bongori,V1-V2,Fast DNA Spin Kit for Soil,Exiguobacterium.unspecified
101,,,,Enterococcus,unspecified,Salter et al. 2014,S. bongori,V1-V2,Fast DNA Spin Kit for Soil,Enterococcus.unspecified
102,,,,Lactobacillus,unspecified,Salter et al. 2014,S. bongori,V1-V2,Fast DNA Spin Kit for Soil,Lactobacillus.unspecified
103,,,,Lactococcus,unspecified,Salter et al. 2014,S. bongori,V1-V2,Fast DNA Spin Kit for Soil,Lactococcus.unspecified
104,,,,Finegoldia,unspecified,Salter et al. 2014,S. bongori,V1-V2,Fast DNA Spin Kit for Soil,Finegoldia.unspecified
105,,,,Eubacterium,unspecified,Salter et al. 2014,S. bongori,V1-V2,Fast DNA Spin Kit for Soil,Eubacterium.unspecified
106,,,,Dorea,unspecified,Salter et al. 2014,S. bongori,V1-V2,Fast DNA Spin Kit for Soil,Dorea.unspecified
107,,,,Moryella,unspecified,Salter et al. 2014,S. bongori,V1-V2,Fast DNA Spin Kit for Soil,Moryella.unspecified
108,,Clostridiales,unspecified,unspecified,unspecified,Salter et al. 2014,S. bongori,V1-V2,Fast DNA Spin Kit for Soil,unspecified.unspecified
109,Clostridia,unspecified,unspecified,unspecified,unspecified,Salter et al. 2014,S. bongori,V1-V2,Fast DNA Spin Kit for Soil,unspecified.unspecified
110,,,,Fusobacterium,unspecified,Salter et al. 2014,S. bongori,V1-V2,Fast DNA Spin Kit for Soil,Fusobacterium.unspecified
111,,,,Leptotrichia,unspecified,Salter et al. 2014,S. bongori,V1-V2,Fast DNA Spin Kit for Soil,Leptotrichia.unspecified
112,,Fusobacteriales,unspecified,unspecified,unspecified,Salter et al. 2014,S. bongori,V1-V2,Fast DNA Spin Kit for Soil,unspecified.unspecified
113,,,,Rhizomicrobium,unspecified,Salter et al. 2014,S. bongori,V1-V2,Fast DNA Spin Kit for Soil,Rhizomicrobium.unspecified
114,,,,Caulobacter,unspecified,Salter et al. 2014,S. bongori,V1-V2,Fast DNA Spin Kit for Soil,Caulobacter.unspecified
115,,,,Phenylobacterium,unspecified,Salter et al. 2014,S. bongori,V1-V2,Fast DNA Spin Kit for Soil,Phenylobacterium.unspecified
116,,,,Chelatococcus,unspecified,Salter et al. 2014,S. bongori,V1-V2,Fast DNA Spin Kit for Soil,Chelatococcus.unspecified
117,,,,Bradyrhizobium,unspecified,Salter et al. 2014,S. bongori,V1-V2,Fast DNA Spin Kit for Soil,Bradyrhizobium.unspecified
118,,,,Pseudochrobactrum,unspecified,Salter et al. 2014,S. bongori,V1-V2,Fast DNA Spin Kit for Soil,Pseudochrobactrum.unspecified
119,,,,Mesorhizobium,unspecified,Salter et al. 2014,S. bongori,V1-V2,Fast DNA Spin Kit for Soil,Mesorhizobium.unspecified
120,,,,Pannonibacter,unspecified,Salter et al. 2014,S. bongori,V1-V2,Fast DNA Spin Kit for Soil,Pannonibacter.unspecified
121,,,,Rubellimicrobium,unspecified,Salter et al. 2014,S. bongori,V1-V2,Fast DNA Spin Kit for Soil,Rubellimicrobium.unspecified
122,,,,Gluconobacter,unspecified,Salter et al. 2014,S. bongori,V1-V2,Fast DNA Spin Kit for Soil,Gluconobacter.unspecified
123,,,,Telmatospirillum,unspecified,Salter et al. 2014,S. bongori,V1-V2,Fast DNA Spin Kit for Soil,Telmatospirillum.unspecified
124,,,,Porphyrobacter,unspecified,Salter et al. 2014,S. bongori,V1-V2,Fast DNA Spin Kit for Soil,Porphyrobacter.unspecified
125,,,Erythrobacteraceae,unspecified,unspecified,Salter et al. 2014,S. bongori,V1-V2,Fast DNA Spin Kit for Soil,unspecified.unspecified
126,,,,Burkholderia,unspecified,Salter et al. 2014,S. bongori,V1-V2,Fast DNA Spin Kit for Soil,Burkholderia.unspecified
127,,,Burkholderiaceae,unspecified,unspecified,Salter et al. 2014,S. bongori,V1-V2,Fast DNA Spin Kit for Soil,unspecified.unspecified
128,,,,Curvibacter,unspecified,Salter et al. 2014,S. bongori,V1-V2,Fast DNA Spin Kit for Soil,Curvibacter.unspecified
129,,,,Schlegelella,unspecified,Salter et al. 2014,S. bongori,V1-V2,Fast DNA Spin Kit for Soil,Schlegelella.unspecified
130,,,,Variovorax,unspecified,Salter et al. 2014,S. bongori,V1-V2,Fast DNA Spin Kit for Soil,Variovorax.unspecified
131,,,Comamonadaceae,unspecified,unspecified,Salter et al. 2014,S. bongori,V1-V2,Fast DNA Spin Kit for Soil,unspecified.unspecified
132,,,,Sulfuritalea,unspecified,Salter et al. 2014,S. bongori,V1-V2,Fast DNA Spin Kit for Soil,Sulfuritalea.unspecified
133,,,Rhodocyclaceae,unspecified,unspecified,Salter et al. 2014,S. bongori,V1-V2,Fast DNA Spin Kit for Soil,unspecified.unspecified
134,,Myxococcales,unspecified,unspecified,unspecified,Salter et al. 2014,S. bongori,V1-V2,Fast DNA Spin Kit for Soil,unspecified.unspecified
135,Deltaproteobacteria,unspecified,unspecified,unspecified,unspecified,Salter et al. 2014,S. bongori,V1-V2,Fast DNA Spin Kit for Soil,unspecified.unspecified
136,,,,Shewanella,unspecified,Salter et al. 2014,S. bongori,V1-V2,Fast DNA Spin Kit for Soil,Shewanella.unspecified
137,,,,Serratia,unspecified,Salter et al. 2014,S. bongori,V1-V2,Fast DNA Spin Kit for Soil,Serratia.unspecified
138,,,,Haemophilus,unspecified,Salter et al. 2014,S. bongori,V1-V2,Fast DNA Spin Kit for Soil,Haemophilus.unspecified
139,,,Pasteurellaceae,unspecified,unspecified,Salter et al. 2014,S. bongori,V1-V2,Fast DNA Spin Kit for Soil,unspecified.unspecified
140,,,,Dokdenella,unspecified,Salter et al. 2014,S. bongori,V1-V2,Fast DNA Spin Kit for Soil,Dokdenella.unspecified
141,,,,Dyella,unspecified,Salter et al. 2014,S. bongori,V1-V2,Fast DNA Spin Kit for Soil,Dyella.unspecified
142,,,,Leptospira,unspecified,Salter et al. 2014,S. bongori,V1-V2,Fast DNA Spin Kit for Soil,Leptospira.unspecified
143,,,,Pseudomonas,unspecified,Salter et al. 2014,S. bongori,V1-V2,Fast DNA Spin Kit for Soil,Pseudomonas.unspecified
144,,,,Acinetobacter,unspecified,Salter et al. 2014,S. bongori,V1-V2,Fast DNA Spin Kit for Soil,Acinetobacter.unspecified
145,,,Enterobacteraceae,unspecified,unspecified,Salter et al. 2014,S. bongori,V1-V2,Fast DNA Spin Kit for Soil,unspecified.unspecified
146,,,,Enterobacter,unspecified,Salter et al. 2014,S. bongori,V1-V2,Fast DNA Spin Kit for Soil,Enterobacter.unspecified
147,,,,Chryseobacterium,unspecified,Salter et al. 2014,S. bongori,V1-V2,Fast DNA Spin Kit for Soil,Chryseobacterium.unspecified
148,,,,Massilia,unspecified,Salter et al. 2014,S. bongori,V1-V2,Fast DNA Spin Kit for Soil,Massilia.unspecified
149,,,,Delftia,unspecified,Salter et al. 2014,S. bongori,V1-V2,Fast DNA Spin Kit for Soil,Delftia.unspecified
150,,,,Ralstonia,unspecified,Salter et al. 2014,S. bongori,V1-V2,Fast DNA Spin Kit for Soil,Ralstonia.unspecified
151,,,,Streptococcus,unspecified,Salter et al. 2014,S. bongori,V1-V2,Fast DNA Spin Kit for Soil,Streptococcus.unspecified
152,,,,Facklamia,unspecified,Salter et al. 2014,S. bongori,V1-V2,Fast DNA Spin Kit for Soil,Facklamia.unspecified
153,,,,Sphingomonas,unspecified,Salter et al. 2014,S. bongori,V1-V2,Fast DNA Spin Kit for Soil,Sphingomonas.unspecified
154,,,,Ochrobactrum,unspecified,Salter et al. 2014,S. bongori,V1-V2,Fast DNA Spin Kit for Soil,Ochrobactrum.unspecified
155,,,,Propionibacterium,unspecified,Salter et al. 2014,S. bongori,V1-V2,Fast DNA Spin Kit for Soil,Propionibacterium.unspecified
156,,,,Rhodococcus,unspecified,Salter et al. 2014,S. bongori,V1-V2,Fast DNA Spin Kit for Soil,Rhodococcus.unspecified
157,,,,Arthrobacter,unspecified,Salter et al. 2014,S. bongori,V1-V2,Fast DNA Spin Kit for Soil,Arthrobacter.unspecified
158,,,,Microbacterium,unspecified,Salter et al. 2014,S. bongori,V1-V2,Fast DNA Spin Kit for Soil,Microbacterium.unspecified
159,,,,Curtobacterium,unspecified,Salter et al. 2014,S. bongori,V1-V2,Fast DNA Spin Kit for Soil,Curtobacterium.unspecified
160,,,,Corynebacterium,unspecified,Salter et al. 2014,S. bongori,V1-V2,Fast DNA Spin Kit for Soil,Corynebacterium.unspecified
161,,,,Salmonella,bongori,Salter et al. 2014,S. bongori,V1-V2,Fast DNA Spin Kit for Soil,Salmonella.bongori
162,,,Coriobacteriaceae,unspecified,unspecified,Lauder et al. 2016,"placenta, oral, vagina",V1-V2,MO BIO PowerSoil DNA Isolation Kit,unspecified.unspecified
163,,,,Actinomyces,unspecified,Lauder et al. 2016,"placenta, oral, vagina",V1-V2,MO BIO PowerSoil DNA Isolation Kit,Actinomyces.unspecified
164,,,,Atopobium,unspecified,Lauder et al. 2016,"placenta, oral, vagina",V1-V2,MO BIO PowerSoil DNA Isolation Kit,Atopobium.unspecified
165,,,,Rothia,unspecified,Lauder et al. 2016,"placenta, oral, vagina",V1-V2,MO BIO PowerSoil DNA Isolation Kit,Rothia.unspecified
166,,,S24-7,unspecified,unspecified,Lauder et al. 2016,"placenta, oral, vagina",V1-V2,MO BIO PowerSoil DNA Isolation Kit,unspecified.unspecified
167,,,,Capnocytophaga,unspecified,Lauder et al. 2016,"placenta, oral, vagina",V1-V2,MO BIO PowerSoil DNA Isolation Kit,Capnocytophaga.unspecified
168,,,,Porphyromonas,unspecified,Lauder et al. 2016,"placenta, oral, vagina",V1-V2,MO BIO PowerSoil DNA Isolation Kit,Porphyromonas.unspecified
169,,,,Prevotella,unspecified,Lauder et al. 2016,"placenta, oral, vagina",V1-V2,MO BIO PowerSoil DNA Isolation Kit,Prevotella.unspecified
170,,Streptophyta,unspecified,unspecified,unspecified,Lauder et al. 2016,"placenta, oral, vagina",V1-V2,MO BIO PowerSoil DNA Isolation Kit,unspecified.unspecified
171,,,,Bulleidia,unspecified,Lauder et al. 2016,"placenta, oral, vagina",V1-V2,MO BIO PowerSoil DNA Isolation Kit,Bulleidia.unspecified
172,,,,Coprococcus,unspecified,Lauder et al. 2016,"placenta, oral, vagina",V1-V2,MO BIO PowerSoil DNA Isolation Kit,Coprococcus.unspecified
173,,,,Enterococcus,unspecified,Lauder et al. 2016,"placenta, oral, vagina",V1-V2,MO BIO PowerSoil DNA Isolation Kit,Enterococcus.unspecified
174,,,,Granulicatella,unspecified,Lauder et al. 2016,"placenta, oral, vagina",V1-V2,MO BIO PowerSoil DNA Isolation Kit,Granulicatella.unspecified
175,,,,Lactobacillus,unspecified,Lauder et al. 2016,"placenta, oral, vagina",V1-V2,MO BIO PowerSoil DNA Isolation Kit,Lactobacillus.unspecified
176,,,,Oribacterium,unspecified,Lauder et al. 2016,"placenta, oral, vagina",V1-V2,MO BIO PowerSoil DNA Isolation Kit,Oribacterium.unspecified
177,,,,Streptococcus,unspecified,Lauder et al. 2016,"placenta, oral, vagina",V1-V2,MO BIO PowerSoil DNA Isolation Kit,Streptococcus.unspecified
178,,,,Veillonella,unspecified,Lauder et al. 2016,"placenta, oral, vagina",V1-V2,MO BIO PowerSoil DNA Isolation Kit,Veillonella.unspecified
179,,,,Fusobacterium,unspecified,Lauder et al. 2016,"placenta, oral, vagina",V1-V2,MO BIO PowerSoil DNA Isolation Kit,Fusobacterium.unspecified
180,,,,Leptotrichia,unspecified,Lauder et al. 2016,"placenta, oral, vagina",V1-V2,MO BIO PowerSoil DNA Isolation Kit,Leptotrichia.unspecified
181,,,,Haemophilus,unspecified,Lauder et al. 2016,"placenta, oral, vagina",V1-V2,MO BIO PowerSoil DNA Isolation Kit,Haemophilus.unspecified
182,,,,Neisseria,unspecified,Lauder et al. 2016,"placenta, oral, vagina",V1-V2,MO BIO PowerSoil DNA Isolation Kit,Neisseria.unspecified
183,TM7-3,unspecified,unspecified,unspecified,unspecified,Lauder et al. 2016,"placenta, oral, vagina",V1-V2,MO BIO PowerSoil DNA Isolation Kit,unspecified.unspecified
184,,,,Propionibacterium,unspecified,Lauder et al. 2016,"placenta, oral, vagina",V1-V2,PSP Stool DNA Plus,Propionibacterium.unspecified
185,,,,Actinomyces,unspecified,Lauder et al. 2016,"placenta, oral, vagina",V1-V2,PSP Stool DNA Plus,Actinomyces.unspecified
186,,,,Rothia,unspecified,Lauder et al. 2016,"placenta, oral, vagina",V1-V2,PSP Stool DNA Plus,Rothia.unspecified
187,,,,Porphyromonas,unspecified,Lauder et al. 2016,"placenta, oral, vagina",V1-V2,PSP Stool DNA Plus,Porphyromonas.unspecified
188,,,,Prevotella,unspecified,Lauder et al. 2016,"placenta, oral, vagina",V1-V2,PSP Stool DNA Plus,Prevotella.unspecified
189,,,,Sedimentibacterium,unspecified,Lauder et al. 2016,"placenta, oral, vagina",V1-V2,PSP Stool DNA Plus,Sedimentibacterium.unspecified
190,,,,Aerococcus,unspecified,Lauder et al. 2016,"placenta, oral, vagina",V1-V2,PSP Stool DNA Plus,Aerococcus.unspecified
191,,,,Granulicatella,unspecified,Lauder et al. 2016,"placenta, oral, vagina",V1-V2,PSP Stool DNA Plus,Granulicatella.unspecified
192,,,,Lactobacillus,unspecified,Lauder et al. 2016,"placenta, oral, vagina",V1-V2,PSP Stool DNA Plus,Lactobacillus.unspecified
193,,,,Shuttleworthia,unspecified,Lauder et al. 2016,"placenta, oral, vagina",V1-V2,PSP Stool DNA Plus,Shuttleworthia.unspecified
194,,,,Streptococcus,unspecified,Lauder et al. 2016,"placenta, oral, vagina",V1-V2,PSP Stool DNA Plus,Streptococcus.unspecified
195,,,,Veillonella,unspecified,Lauder et al. 2016,"placenta, oral, vagina",V1-V2,PSP Stool DNA Plus,Veillonella.unspecified
196,,,,Fusobacterium,unspecified,Lauder et al. 2016,"placenta, oral, vagina",V1-V2,PSP Stool DNA Plus,Fusobacterium.unspecified
197,,Clostridiales,unspecified,unspecified,unspecified,Lauder et al. 2016,"placenta, oral, vagina",V1-V2,MO BIO PowerSoil DNA Isolation Kit,unspecified.unspecified
198,,Clostridiales,unspecified,unspecified,unspecified,Lauder et al. 2016,"placenta, oral, vagina",V1-V2,PSP Stool DNA Plus,unspecified.unspecified
199,,,,Leptotrichia,unspecified,Lauder et al. 2016,"placenta, oral, vagina",V1-V2,PSP Stool DNA Plus,Leptotrichia.unspecified
200,,,Bradyrhizobiaceae,unspecified,unspecified,Lauder et al. 2016,"placenta, oral, vagina",V1-V2,PSP Stool DNA Plus,unspecified.unspecified
201,,,Enterobacteraceae,unspecified,unspecified,Lauder et al. 2016,"placenta, oral, vagina",V1-V2,PSP Stool DNA Plus,unspecified.unspecified
202,,,Neisseriaceae,unspecified,unspecified,Lauder et al. 2016,"placenta, oral, vagina",V1-V2,PSP Stool DNA Plus,unspecified.unspecified
203,,,Phyllobacteriaceae,unspecified,unspecified,Lauder et al. 2016,"placenta, oral, vagina",V1-V2,PSP Stool DNA Plus,unspecified.unspecified
204,,,,Acinetobacter,unspecified,Lauder et al. 2016,"placenta, oral, vagina",V1-V2,PSP Stool DNA Plus,Acinetobacter.unspecified
205,,,,Haemophilus,unspecified,Lauder et al. 2016,"placenta, oral, vagina",V1-V2,PSP Stool DNA Plus,Haemophilus.unspecified
206,,,,Methylobacterium,unspecified,Lauder et al. 2016,"placenta, oral, vagina",V1-V2,PSP Stool DNA Plus,Methylobacterium.unspecified
207,,,,Neisseria,unspecified,Lauder et al. 2016,"placenta, oral, vagina",V1-V2,PSP Stool DNA Plus,Neisseria.unspecified
208,TM7-3,unspecified,unspecified,unspecified,unspecified,Lauder et al. 2016,"placenta, oral, vagina",V1-V2,PSP Stool DNA Plus,unspecified.unspecified
209,,,Comamonadaceae,unspecified,unspecified,Lauder et al. 2016,"placenta, oral, vagina",V1-V2,MO BIO PowerSoil DNA Isolation Kit,unspecified.unspecified
210,,,Coriobacteriaceae,unspecified,unspecified,Lauder et al. 2016,"placenta, oral, vagina",V1-V2,MO BIO PowerSoil DNA Isolation Kit,unspecified.unspecified
211,,,Enterobacteraceae,unspecified,unspecified,Lauder et al. 2016,"placenta, oral, vagina",V1-V2,MO BIO PowerSoil DNA Isolation Kit,unspecified.unspecified
212,,,,Acidobacteria,unspecified,Jousselin et al. 2015,aphid microbiome,V4,Qiagen DNeasy Blood and Tissue Kit,Acidobacteria.unspecified
213,,,,Acinetobacter,unspecified,Jousselin et al. 2015,aphid microbiome,V4,Qiagen DNeasy Blood and Tissue Kit,Acinetobacter.unspecified
214,,,,Anaerococcus,unspecified,Jousselin et al. 2015,aphid microbiome,V4,Qiagen DNeasy Blood and Tissue Kit,Anaerococcus.unspecified
215,,,,Anoxybacillus,unspecified,Jousselin et al. 2015,aphid microbiome,V4,Qiagen DNeasy Blood and Tissue Kit,Anoxybacillus.unspecified
216,,,,Arthrobacter,unspecified,Jousselin et al. 2015,aphid microbiome,V4,Qiagen DNeasy Blood and Tissue Kit,Arthrobacter.unspecified
217,,,Bradyrhizobiaceae,unspecified,unspecified,Jousselin et al. 2015,aphid microbiome,V4,Qiagen DNeasy Blood and Tissue Kit,unspecified.unspecified
218,,,,Brevibacillus,unspecified,Jousselin et al. 2015,aphid microbiome,V4,Qiagen DNeasy Blood and Tissue Kit,Brevibacillus.unspecified
219,,,,Brevimundus,unspecified,Jousselin et al. 2015,aphid microbiome,V4,Qiagen DNeasy Blood and Tissue Kit,Brevimundus.unspecified
220,,,,Buchnera,unspecified,Jousselin et al. 2015,aphid microbiome,V4,Qiagen DNeasy Blood and Tissue Kit,Buchnera.unspecified
221,,,Caulobacteraceae,unspecified,unspecified,Jousselin et al. 2015,aphid microbiome,V4,Qiagen DNeasy Blood and Tissue Kit,unspecified.unspecified
222,,,Chitinophagaceae,unspecified,unspecified,Jousselin et al. 2015,aphid microbiome,V4,Qiagen DNeasy Blood and Tissue Kit,unspecified.unspecified
223,,,Comamonadaceae,unspecified,unspecified,Jousselin et al. 2015,aphid microbiome,V4,Qiagen DNeasy Blood and Tissue Kit,unspecified.unspecified
224,,,,Corynebacterium,unspecified,Jousselin et al. 2015,aphid microbiome,V4,Qiagen DNeasy Blood and Tissue Kit,Corynebacterium.unspecified
225,,,,Fodinicola,unspecified,Jousselin et al. 2015,aphid microbiome,V4,Qiagen DNeasy Blood and Tissue Kit,Fodinicola.unspecified
226,,,,Geobacillus,unspecified,Jousselin et al. 2015,aphid microbiome,V4,Qiagen DNeasy Blood and Tissue Kit,Geobacillus.unspecified
227,,,,Halomonas,unspecified,Jousselin et al. 2015,aphid microbiome,V4,Qiagen DNeasy Blood and Tissue Kit,Halomonas.unspecified
228,,,,Hamiltonella,unspecified,Jousselin et al. 2015,aphid microbiome,V4,Qiagen DNeasy Blood and Tissue Kit,Hamiltonella.unspecified
229,,,,Hydrogenophilus,unspecified,Jousselin et al. 2015,aphid microbiome,V4,Qiagen DNeasy Blood and Tissue Kit,Hydrogenophilus.unspecified
230,,,,Hymenobacter,unspecified,Jousselin et al. 2015,aphid microbiome,V4,Qiagen DNeasy Blood and Tissue Kit,Hymenobacter.unspecified
231,,,,Lactococcus,unspecified,Jousselin et al. 2015,aphid microbiome,V4,Qiagen DNeasy Blood and Tissue Kit,Lactococcus.unspecified
232,,,,Leptospira,unspecified,Jousselin et al. 2015,aphid microbiome,V4,Qiagen DNeasy Blood and Tissue Kit,Leptospira.unspecified
233,,,,Methylobacterium,unspecified,Jousselin et al. 2015,aphid microbiome,V4,Qiagen DNeasy Blood and Tissue Kit,Methylobacterium.unspecified
234,,,Oxalobacteraceae,unspecified,unspecified,Jousselin et al. 2015,aphid microbiome,V4,Qiagen DNeasy Blood and Tissue Kit,unspecified.unspecified
235,,,,Paenibacillus,unspecified,Jousselin et al. 2015,aphid microbiome,V4,Qiagen DNeasy Blood and Tissue Kit,Paenibacillus.unspecified
236,,,,Phenylobacterium,unspecified,Jousselin et al. 2015,aphid microbiome,V4,Qiagen DNeasy Blood and Tissue Kit,Phenylobacterium.unspecified
237,,,,Propionibacterium,unspecified,Jousselin et al. 2015,aphid microbiome,V4,Qiagen DNeasy Blood and Tissue Kit,Propionibacterium.unspecified
238,,,,Pseudomonas,unspecified,Jousselin et al. 2015,aphid microbiome,V4,Qiagen DNeasy Blood and Tissue Kit,Pseudomonas.unspecified
239,,,,Ralstonia,unspecified,Jousselin et al. 2015,aphid microbiome,V4,Qiagen DNeasy Blood and Tissue Kit,Ralstonia.unspecified
240,,,Rhizobiaceae,unspecified,unspecified,Jousselin et al. 2015,aphid microbiome,V4,Qiagen DNeasy Blood and Tissue Kit,unspecified.unspecified
241,,,Rhodobacteraceae,unspecified,unspecified,Jousselin et al. 2015,aphid microbiome,V4,Qiagen DNeasy Blood and Tissue Kit,unspecified.unspecified
242,,,,Rhodococcus,unspecified,Jousselin et al. 2015,aphid microbiome,V4,Qiagen DNeasy Blood and Tissue Kit,Rhodococcus.unspecified
243,,,,Rhodoluna,unspecified,Jousselin et al. 2015,aphid microbiome,V4,Qiagen DNeasy Blood and Tissue Kit,Rhodoluna.unspecified
244,,,,Serratia,unspecified,Jousselin et al. 2015,aphid microbiome,V4,Qiagen DNeasy Blood and Tissue Kit,Serratia.unspecified
245,,,,Sorangium,unspecified,Jousselin et al. 2015,aphid microbiome,V4,Qiagen DNeasy Blood and Tissue Kit,Sorangium.unspecified
246,,,,Sphingomonas,unspecified,Jousselin et al. 2015,aphid microbiome,V4,Qiagen DNeasy Blood and Tissue Kit,Sphingomonas.unspecified
247,,,,Shingopyxis,unspecified,Jousselin et al. 2015,aphid microbiome,V4,Qiagen DNeasy Blood and Tissue Kit,Shingopyxis.unspecified
248,,,,Staphylococcus,unspecified,Jousselin et al. 2015,aphid microbiome,V4,Qiagen DNeasy Blood and Tissue Kit,Staphylococcus.unspecified
249,,,,Staphylococcus,unspecified,Lazarevic et al. 2016,"Staphylococcus aureus, Escherichia coli",V3-V4,Macherey-Nagel NucleoSpin Soil,Staphylococcus.unspecified
250,,,,Escherichia,unspecified,Lazarevic et al. 2016,"Staphylococcus aureus, Escherichia coli",V3-V4,Macherey-Nagel NucleoSpin Soil,Escherichia.unspecified
251,,,,Kocuria,unspecified,Lazarevic et al. 2016,"Staphylococcus aureus, Escherichia coli",V3-V4,Macherey-Nagel NucleoSpin Soil,Kocuria.unspecified
252,,,,Lactococcus,unspecified,Lazarevic et al. 2016,"Staphylococcus aureus, Escherichia coli",V3-V4,Macherey-Nagel NucleoSpin Soil,Lactococcus.unspecified
253,,,,Pseudomonas,unspecified,Lazarevic et al. 2016,"Staphylococcus aureus, Escherichia coli",V3-V4,Macherey-Nagel NucleoSpin Soil,Pseudomonas.unspecified
254,,,,Rhodococcus,unspecified,Lazarevic et al. 2016,"Staphylococcus aureus, Escherichia coli",V3-V4,Macherey-Nagel NucleoSpin Soil,Rhodococcus.unspecified
255,,,,Stenotrophomonas,unspecified,Meadow et al. 2015,indoor air,V4,MO BIO PowerSoil DNA Isolation Kit,Stenotrophomonas.unspecified
256,,,,Citrobacter,unspecified,Meadow et al. 2015,indoor air,V4,MO BIO PowerSoil DNA Isolation Kit,Citrobacter.unspecified
257,,,,Brevundimonas,unspecified,Jervis-Bardy et al. 2015,"nasopharyngeal, adenoid, middle ear fluid",V1-V2,QIAamp DNA Mini Kit ,Brevundimonas.unspecified
258,,,,Chryseobacterium,unspecified,Jervis-Bardy et al. 2015,"nasopharyngeal, adenoid, middle ear fluid",V1-V2,QIAamp DNA Mini Kit ,Chryseobacterium.unspecified
259,,,,Pelomonas,unspecified,Jervis-Bardy et al. 2015,"nasopharyngeal, adenoid, middle ear fluid",V1-V2,QIAamp DNA Mini Kit ,Pelomonas.unspecified
260,,,,Phyllobacterium,unspecified,Jervis-Bardy et al. 2015,"nasopharyngeal, adenoid, middle ear fluid",V1-V2,QIAamp DNA Mini Kit ,Phyllobacterium.unspecified
261,,,,Pseudomonas,unspecified,Jervis-Bardy et al. 2015,"nasopharyngeal, adenoid, middle ear fluid",V1-V2,QIAamp DNA Mini Kit ,Pseudomonas.unspecified
262,,,,Ralstonia,unspecified,Jervis-Bardy et al. 2015,"nasopharyngeal, adenoid, middle ear fluid",V1-V2,QIAamp DNA Mini Kit ,Ralstonia.unspecified
263,,,,Variovorax,unspecified,Jervis-Bardy et al. 2015,"nasopharyngeal, adenoid, middle ear fluid",V1-V2,QIAamp DNA Mini Kit ,Variovorax.unspecified
264,,,,Methylobacterium,aminovarians,Barton et al. 2006,Salmonella typhimurium; low-biomass geologic samples,V1-V4,custom,Methylobacterium.aminovarians
265,,,,Methylobacterium,extorquens,Barton et al. 2006,Salmonella typhimurium; low-biomass geologic samples,V1-V4,custom,Methylobacterium.extorquens
266,,,,Brevimundus,nasdae,Barton et al. 2006,Salmonella typhimurium; low-biomass geologic samples,V1-V4,custom,Brevimundus.nasdae
267,,,,Sphingomonas,unspecified,Barton et al. 2006,Salmonella typhimurium; low-biomass geologic samples,V1-V4,custom,Sphingomonas.unspecified
268,,,,Agrobacterium,tumefaciens,Barton et al. 2006,Salmonella typhimurium; low-biomass geologic samples,V1-V4,custom,Agrobacterium.tumefaciens
269,,,,Ralstonia,unspecified,Barton et al. 2006,Salmonella typhimurium; low-biomass geologic samples,V1-V4,custom,Ralstonia.unspecified
270,,,,Comamonas,unspecified,Barton et al. 2006,Salmonella typhimurium; low-biomass geologic samples,V1-V4,custom,Comamonas.unspecified
271,,,,Cupriavidus,respiraculi,Barton et al. 2006,Salmonella typhimurium; low-biomass geologic samples,V1-V4,custom,Cupriavidus.respiraculi
272,,,,Massilia,unspecified,Barton et al. 2006,Salmonella typhimurium; low-biomass geologic samples,V1-V4,custom,Massilia.unspecified
273,,,,Ralstonia,eutrophus,Barton et al. 2006,Salmonella typhimurium; low-biomass geologic samples,V1-V4,custom,Ralstonia.eutrophus
274,,,,Acidovorax,temperans,Barton et al. 2006,Salmonella typhimurium; low-biomass geologic samples,V1-V4,custom,Acidovorax.temperans
275,,,,Leptothrix,cholodnii,Barton et al. 2006,Salmonella typhimurium; low-biomass geologic samples,V1-V4,custom,Leptothrix.cholodnii
276,,,,Duganella,zoogloeoides,Barton et al. 2006,Salmonella typhimurium; low-biomass geologic samples,V1-V4,custom,Duganella.zoogloeoides
277,,,,Herbaspirillum,seropedicae,Barton et al. 2006,Salmonella typhimurium; low-biomass geologic samples,V1-V4,custom,Herbaspirillum.seropedicae
278,,,,Haemophilus,influenzae,Barton et al. 2006,Salmonella typhimurium; low-biomass geologic samples,V1-V4,custom,Haemophilus.influenzae
279,,,,Acinetobacter,johnsonii,Barton et al. 2006,Salmonella typhimurium; low-biomass geologic samples,V1-V4,custom,Acinetobacter.johnsonii
280,,,,Salmonella,typhimurium,Barton et al. 2006,Salmonella typhimurium; low-biomass geologic samples,V1-V4,custom,Salmonella.typhimurium
281,,,,Stenotrophomonas,maltophilia,Barton et al. 2006,Salmonella typhimurium; low-biomass geologic samples,V1-V4,custom,Stenotrophomonas.maltophilia
282,,,,Acinetobacter,unspecified,Barton et al. 2006,Salmonella typhimurium; low-biomass geologic samples,V1-V4,custom,Acinetobacter.unspecified
283,,,,Escherichia,coli,Barton et al. 2006,Salmonella typhimurium; low-biomass geologic samples,V1-V4,custom,Escherichia.coli
284,,,,Peptostreptococcus,micro,Barton et al. 2006,Salmonella typhimurium; low-biomass geologic samples,V1-V4,custom,Peptostreptococcus.micro
285,,,,Bradyrhizobium,lupini,Glassing et al. 2016,blood and/or intestinal tissue,V1-V3,MoBio PowerMax Soil DNA Isolation Kit for tissue; PreAnalytiX PAXgene Blood DNA Kit for blood,Bradyrhizobium.lupini
286,,,,Burkholderia,pyrrocinia,Glassing et al. 2016,blood and/or intestinal tissue,V1-V3,MoBio PowerMax Soil DNA Isolation Kit for tissue; PreAnalytiX PAXgene Blood DNA Kit for blood,Burkholderia.pyrrocinia
287,,,,Phyllobacterium,myrsinacearum,Glassing et al. 2016,blood and/or intestinal tissue,V1-V3,MoBio PowerMax Soil DNA Isolation Kit for tissue; PreAnalytiX PAXgene Blood DNA Kit for blood,Phyllobacterium.myrsinacearum
288,,,,Abiotrophia,defectiva,Glassing et al. 2016,blood and/or intestinal tissue,V1-V3,MoBio PowerMax Soil DNA Isolation Kit for tissue; PreAnalytiX PAXgene Blood DNA Kit for blood,Abiotrophia.defectiva
289,,,,Actinomyces,lingnae,Glassing et al. 2016,blood and/or intestinal tissue,V1-V3,MoBio PowerMax Soil DNA Isolation Kit for tissue; PreAnalytiX PAXgene Blood DNA Kit for blood,Actinomyces.lingnae
290,,,,Actinomyces,naeslundii,Glassing et al. 2016,blood and/or intestinal tissue,V1-V3,MoBio PowerMax Soil DNA Isolation Kit for tissue; PreAnalytiX PAXgene Blood DNA Kit for blood,Actinomyces.naeslundii
291,,,,Actinomyces,odontolyticus,Glassing et al. 2016,blood and/or intestinal tissue,V1-V3,MoBio PowerMax Soil DNA Isolation Kit for tissue; PreAnalytiX PAXgene Blood DNA Kit for blood,Actinomyces.odontolyticus
292,,,,Actinomyces,spp.,Glassing et al. 2016,blood and/or intestinal tissue,V1-V3,MoBio PowerMax Soil DNA Isolation Kit for tissue; PreAnalytiX PAXgene Blood DNA Kit for blood,Actinomyces.spp.
293,,,,Actinomyces,viscosus,Glassing et al. 2016,blood and/or intestinal tissue,V1-V3,MoBio PowerMax Soil DNA Isolation Kit for tissue; PreAnalytiX PAXgene Blood DNA Kit for blood,Actinomyces.viscosus
294,,,,Afipia,broomeae,Glassing et al. 2016,blood and/or intestinal tissue,V1-V3,MoBio PowerMax Soil DNA Isolation Kit for tissue; PreAnalytiX PAXgene Blood DNA Kit for blood,Afipia.broomeae
295,,,,Agrococcus,jenensis,Glassing et al. 2016,blood and/or intestinal tissue,V1-V3,MoBio PowerMax Soil DNA Isolation Kit for tissue; PreAnalytiX PAXgene Blood DNA Kit for blood,Agrococcus.jenensis
296,,,,Alcanivorax,venustensis,Glassing et al. 2016,blood and/or intestinal tissue,V1-V3,MoBio PowerMax Soil DNA Isolation Kit for tissue; PreAnalytiX PAXgene Blood DNA Kit for blood,Alcanivorax.venustensis
297,,,,Alicycliphilus,unclassified spp.,Glassing et al. 2016,blood and/or intestinal tissue,V1-V3,MoBio PowerMax Soil DNA Isolation Kit for tissue; PreAnalytiX PAXgene Blood DNA Kit for blood,Alicycliphilus.unclassified spp.
298,,,,Alistipes,putredinis,Glassing et al. 2016,blood and/or intestinal tissue,V1-V3,MoBio PowerMax Soil DNA Isolation Kit for tissue; PreAnalytiX PAXgene Blood DNA Kit for blood,Alistipes.putredinis
299,,,,Anaerococcus,hydrogenalis,Glassing et al. 2016,blood and/or intestinal tissue,V1-V3,MoBio PowerMax Soil DNA Isolation Kit for tissue; PreAnalytiX PAXgene Blood DNA Kit for blood,Anaerococcus.hydrogenalis
300,,,,Anaerococcus,octavius,Glassing et al. 2016,blood and/or intestinal tissue,V1-V3,MoBio PowerMax Soil DNA Isolation Kit for tissue; PreAnalytiX PAXgene Blood DNA Kit for blood,Anaerococcus.octavius
301,,,,Anaerotruncus,spp.,Glassing et al. 2016,blood and/or intestinal tissue,V1-V3,MoBio PowerMax Soil DNA Isolation Kit for tissue; PreAnalytiX PAXgene Blood DNA Kit for blood,Anaerotruncus.spp.
302,,,,Arthrobacter,psychrolactophilus,Glassing et al. 2016,blood and/or intestinal tissue,V1-V3,MoBio PowerMax Soil DNA Isolation Kit for tissue; PreAnalytiX PAXgene Blood DNA Kit for blood,Arthrobacter.psychrolactophilus
303,,,,Atopobium,parvulum,Glassing et al. 2016,blood and/or intestinal tissue,V1-V3,MoBio PowerMax Soil DNA Isolation Kit for tissue; PreAnalytiX PAXgene Blood DNA Kit for blood,Atopobium.parvulum
304,,,,Atopobium,spp.,Glassing et al. 2016,blood and/or intestinal tissue,V1-V3,MoBio PowerMax Soil DNA Isolation Kit for tissue; PreAnalytiX PAXgene Blood DNA Kit for blood,Atopobium.spp.
305,,,,Aurantimonas,spp.,Glassing et al. 2016,blood and/or intestinal tissue,V1-V3,MoBio PowerMax Soil DNA Isolation Kit for tissue; PreAnalytiX PAXgene Blood DNA Kit for blood,Aurantimonas.spp.
306,,,,Bacillus,licheniformis,Glassing et al. 2016,blood and/or intestinal tissue,V1-V3,MoBio PowerMax Soil DNA Isolation Kit for tissue; PreAnalytiX PAXgene Blood DNA Kit for blood,Bacillus.licheniformis
307,,,,Bacillus,nealsonii,Glassing et al. 2016,blood and/or intestinal tissue,V1-V3,MoBio PowerMax Soil DNA Isolation Kit for tissue; PreAnalytiX PAXgene Blood DNA Kit for blood,Bacillus.nealsonii
308,,,,Bacillus,thermoamylovorans,Glassing et al. 2016,blood and/or intestinal tissue,V1-V3,MoBio PowerMax Soil DNA Isolation Kit for tissue; PreAnalytiX PAXgene Blood DNA Kit for blood,Bacillus.thermoamylovorans
309,,,,Bacteroides, massiliensis,Glassing et al. 2016,blood and/or intestinal tissue,V1-V3,MoBio PowerMax Soil DNA Isolation Kit for tissue; PreAnalytiX PAXgene Blood DNA Kit for blood,Bacteroides. massiliensis
310,,,,Bacteroides, ovatus,Glassing et al. 2016,blood and/or intestinal tissue,V1-V3,MoBio PowerMax Soil DNA Isolation Kit for tissue; PreAnalytiX PAXgene Blood DNA Kit for blood,Bacteroides. ovatus
311,,,,Bacteroides, spp.,Glassing et al. 2016,blood and/or intestinal tissue,V1-V3,MoBio PowerMax Soil DNA Isolation Kit for tissue; PreAnalytiX PAXgene Blood DNA Kit for blood,Bacteroides. spp.
312,,,,Bacteroides, thetaiotaomicron,Glassing et al. 2016,blood and/or intestinal tissue,V1-V3,MoBio PowerMax Soil DNA Isolation Kit for tissue; PreAnalytiX PAXgene Blood DNA Kit for blood,Bacteroides. thetaiotaomicron
313,,,,Bacteroides, uniformis,Glassing et al. 2016,blood and/or intestinal tissue,V1-V3,MoBio PowerMax Soil DNA Isolation Kit for tissue; PreAnalytiX PAXgene Blood DNA Kit for blood,Bacteroides. uniformis
314,,,,Bacteroides, vulgatus,Glassing et al. 2016,blood and/or intestinal tissue,V1-V3,MoBio PowerMax Soil DNA Isolation Kit for tissue; PreAnalytiX PAXgene Blood DNA Kit for blood,Bacteroides. vulgatus
315,,,,Bifidobacterium,longum,Glassing et al. 2016,blood and/or intestinal tissue,V1-V3,MoBio PowerMax Soil DNA Isolation Kit for tissue; PreAnalytiX PAXgene Blood DNA Kit for blood,Bifidobacterium.longum
316,,,,Blastococcus,saxobsidens,Glassing et al. 2016,blood and/or intestinal tissue,V1-V3,MoBio PowerMax Soil DNA Isolation Kit for tissue; PreAnalytiX PAXgene Blood DNA Kit for blood,Blastococcus.saxobsidens
317,,,,Blautia,ruminococcus gnavus,Glassing et al. 2016,blood and/or intestinal tissue,V1-V3,MoBio PowerMax Soil DNA Isolation Kit for tissue; PreAnalytiX PAXgene Blood DNA Kit for blood,Blautia.ruminococcus gnavus
318,,,,Blautia,unclassified spp.,Glassing et al. 2016,blood and/or intestinal tissue,V1-V3,MoBio PowerMax Soil DNA Isolation Kit for tissue; PreAnalytiX PAXgene Blood DNA Kit for blood,Blautia.unclassified spp.
319,,,,Brevibacillus,agri,Glassing et al. 2016,blood and/or intestinal tissue,V1-V3,MoBio PowerMax Soil DNA Isolation Kit for tissue; PreAnalytiX PAXgene Blood DNA Kit for blood,Brevibacillus.agri
320,,,,Brevibacillus,parabrevis,Glassing et al. 2016,blood and/or intestinal tissue,V1-V3,MoBio PowerMax Soil DNA Isolation Kit for tissue; PreAnalytiX PAXgene Blood DNA Kit for blood,Brevibacillus.parabrevis
321,,,,Candidatus pelagibacter,ubique,Glassing et al. 2016,blood and/or intestinal tissue,V1-V3,MoBio PowerMax Soil DNA Isolation Kit for tissue; PreAnalytiX PAXgene Blood DNA Kit for blood,Candidatus pelagibacter.ubique
322,,,,Candidatus_alysiosphaera,unclassified spp.,Glassing et al. 2016,blood and/or intestinal tissue,V1-V3,MoBio PowerMax Soil DNA Isolation Kit for tissue; PreAnalytiX PAXgene Blood DNA Kit for blood,Candidatus_alysiosphaera.unclassified spp.
323,,,,Capnocytophaga,gingivalis,Glassing et al. 2016,blood and/or intestinal tissue,V1-V3,MoBio PowerMax Soil DNA Isolation Kit for tissue; PreAnalytiX PAXgene Blood DNA Kit for blood,Capnocytophaga.gingivalis
324,,,,Cardiobacterium,hominis,Glassing et al. 2016,blood and/or intestinal tissue,V1-V3,MoBio PowerMax Soil DNA Isolation Kit for tissue; PreAnalytiX PAXgene Blood DNA Kit for blood,Cardiobacterium.hominis
325,,,,Catenibacterium,unclassified spp.,Glassing et al. 2016,blood and/or intestinal tissue,V1-V3,MoBio PowerMax Soil DNA Isolation Kit for tissue; PreAnalytiX PAXgene Blood DNA Kit for blood,Catenibacterium.unclassified spp.
326,,,,Chryseobacterium,isbiliense,Glassing et al. 2016,blood and/or intestinal tissue,V1-V3,MoBio PowerMax Soil DNA Isolation Kit for tissue; PreAnalytiX PAXgene Blood DNA Kit for blood,Chryseobacterium.isbiliense
327,,,,Chryseobacterium,unclassified spp.,Glassing et al. 2016,blood and/or intestinal tissue,V1-V3,MoBio PowerMax Soil DNA Isolation Kit for tissue; PreAnalytiX PAXgene Blood DNA Kit for blood,Chryseobacterium.unclassified spp.
328,,,,Cloacibacterium,unclassified spp.,Glassing et al. 2016,blood and/or intestinal tissue,V1-V3,MoBio PowerMax Soil DNA Isolation Kit for tissue; PreAnalytiX PAXgene Blood DNA Kit for blood,Cloacibacterium.unclassified spp.
329,,,,Clostridium,butyricum,Glassing et al. 2016,blood and/or intestinal tissue,V1-V3,MoBio PowerMax Soil DNA Isolation Kit for tissue; PreAnalytiX PAXgene Blood DNA Kit for blood,Clostridium.butyricum
330,,,,Clostridium,paraputrificum,Glassing et al. 2016,blood and/or intestinal tissue,V1-V3,MoBio PowerMax Soil DNA Isolation Kit for tissue; PreAnalytiX PAXgene Blood DNA Kit for blood,Clostridium.paraputrificum
331,,,,Clostridium,unclassified spp.,Glassing et al. 2016,blood and/or intestinal tissue,V1-V3,MoBio PowerMax Soil DNA Isolation Kit for tissue; PreAnalytiX PAXgene Blood DNA Kit for blood,Clostridium.unclassified spp.
332,,,,Collinsella,aerofaciens,Glassing et al. 2016,blood and/or intestinal tissue,V1-V3,MoBio PowerMax Soil DNA Isolation Kit for tissue; PreAnalytiX PAXgene Blood DNA Kit for blood,Collinsella.aerofaciens
333,,,,Comamonas,denitrificans,Glassing et al. 2016,blood and/or intestinal tissue,V1-V3,MoBio PowerMax Soil DNA Isolation Kit for tissue; PreAnalytiX PAXgene Blood DNA Kit for blood,Comamonas.denitrificans
334,,,,Coprococcus,unclassified spp.,Glassing et al. 2016,blood and/or intestinal tissue,V1-V3,MoBio PowerMax Soil DNA Isolation Kit for tissue; PreAnalytiX PAXgene Blood DNA Kit for blood,Coprococcus.unclassified spp.
335,,,,Corynebacterium,glucuronolyticum,Glassing et al. 2016,blood and/or intestinal tissue,V1-V3,MoBio PowerMax Soil DNA Isolation Kit for tissue; PreAnalytiX PAXgene Blood DNA Kit for blood,Corynebacterium.glucuronolyticum
336,,,,Corynebacterium,matruchotii,Glassing et al. 2016,blood and/or intestinal tissue,V1-V3,MoBio PowerMax Soil DNA Isolation Kit for tissue; PreAnalytiX PAXgene Blood DNA Kit for blood,Corynebacterium.matruchotii
337,,,,Corynebacterium,tuberculostearicum,Glassing et al. 2016,blood and/or intestinal tissue,V1-V3,MoBio PowerMax Soil DNA Isolation Kit for tissue; PreAnalytiX PAXgene Blood DNA Kit for blood,Corynebacterium.tuberculostearicum
338,,,,Corynebacterium,unclassified spp.,Glassing et al. 2016,blood and/or intestinal tissue,V1-V3,MoBio PowerMax Soil DNA Isolation Kit for tissue; PreAnalytiX PAXgene Blood DNA Kit for blood,Corynebacterium.unclassified spp.
339,,,,Corynebacterium,ureicelerivorans,Glassing et al. 2016,blood and/or intestinal tissue,V1-V3,MoBio PowerMax Soil DNA Isolation Kit for tissue; PreAnalytiX PAXgene Blood DNA Kit for blood,Corynebacterium.ureicelerivorans
340,,,,Corynebacterium,vitaeruminis,Glassing et al. 2016,blood and/or intestinal tissue,V1-V3,MoBio PowerMax Soil DNA Isolation Kit for tissue; PreAnalytiX PAXgene Blood DNA Kit for blood,Corynebacterium.vitaeruminis
341,,,,Curvibacter,unclassified spp.,Glassing et al. 2016,blood and/or intestinal tissue,V1-V3,MoBio PowerMax Soil DNA Isolation Kit for tissue; PreAnalytiX PAXgene Blood DNA Kit for blood,Curvibacter.unclassified spp.
342,,,,Dialister,invisus,Glassing et al. 2016,blood and/or intestinal tissue,V1-V3,MoBio PowerMax Soil DNA Isolation Kit for tissue; PreAnalytiX PAXgene Blood DNA Kit for blood,Dialister.invisus
343,,,,Dialister,micraerophilus,Glassing et al. 2016,blood and/or intestinal tissue,V1-V3,MoBio PowerMax Soil DNA Isolation Kit for tissue; PreAnalytiX PAXgene Blood DNA Kit for blood,Dialister.micraerophilus
344,,,,Dialister,unclassified spp.,Glassing et al. 2016,blood and/or intestinal tissue,V1-V3,MoBio PowerMax Soil DNA Isolation Kit for tissue; PreAnalytiX PAXgene Blood DNA Kit for blood,Dialister.unclassified spp.
345,,,,Dorea,formicigenerans,Glassing et al. 2016,blood and/or intestinal tissue,V1-V3,MoBio PowerMax Soil DNA Isolation Kit for tissue; PreAnalytiX PAXgene Blood DNA Kit for blood,Dorea.formicigenerans
346,,,,Eggerthella,lenta,Glassing et al. 2016,blood and/or intestinal tissue,V1-V3,MoBio PowerMax Soil DNA Isolation Kit for tissue; PreAnalytiX PAXgene Blood DNA Kit for blood,Eggerthella.lenta
347,,,,Eggerthella,unclassified spp.,Glassing et al. 2016,blood and/or intestinal tissue,V1-V3,MoBio PowerMax Soil DNA Isolation Kit for tissue; PreAnalytiX PAXgene Blood DNA Kit for blood,Eggerthella.unclassified spp.
348,,,,Enhydrobacter,aerosaccus,Glassing et al. 2016,blood and/or intestinal tissue,V1-V3,MoBio PowerMax Soil DNA Isolation Kit for tissue; PreAnalytiX PAXgene Blood DNA Kit for blood,Enhydrobacter.aerosaccus
349,,,,Enhydrobacter,unclassified spp.,Glassing et al. 2016,blood and/or intestinal tissue,V1-V3,MoBio PowerMax Soil DNA Isolation Kit for tissue; PreAnalytiX PAXgene Blood DNA Kit for blood,Enhydrobacter.unclassified spp.
350,,,,Enterococcus,faecalis,Glassing et al. 2016,blood and/or intestinal tissue,V1-V3,MoBio PowerMax Soil DNA Isolation Kit for tissue; PreAnalytiX PAXgene Blood DNA Kit for blood,Enterococcus.faecalis
351,,,,Enterococcus,faecium,Glassing et al. 2016,blood and/or intestinal tissue,V1-V3,MoBio PowerMax Soil DNA Isolation Kit for tissue; PreAnalytiX PAXgene Blood DNA Kit for blood,Enterococcus.faecium
352,,,,Erysipelatoclostridium,clostridium innocuum,Glassing et al. 2016,blood and/or intestinal tissue,V1-V3,MoBio PowerMax Soil DNA Isolation Kit for tissue; PreAnalytiX PAXgene Blood DNA Kit for blood,Erysipelatoclostridium.clostridium innocuum
353,,,,Erysipelatoclostridium,clostridium ramosum,Glassing et al. 2016,blood and/or intestinal tissue,V1-V3,MoBio PowerMax Soil DNA Isolation Kit for tissue; PreAnalytiX PAXgene Blood DNA Kit for blood,Erysipelatoclostridium.clostridium ramosum
354,,,,Escherichia,coli,Glassing et al. 2016,blood and/or intestinal tissue,V1-V3,MoBio PowerMax Soil DNA Isolation Kit for tissue; PreAnalytiX PAXgene Blood DNA Kit for blood,Escherichia.coli
355,,,,Escherichia,fergusonii,Glassing et al. 2016,blood and/or intestinal tissue,V1-V3,MoBio PowerMax Soil DNA Isolation Kit for tissue; PreAnalytiX PAXgene Blood DNA Kit for blood,Escherichia.fergusonii
356,,,,Escherichia_shigella,unclassified spp.,Glassing et al. 2016,blood and/or intestinal tissue,V1-V3,MoBio PowerMax Soil DNA Isolation Kit for tissue; PreAnalytiX PAXgene Blood DNA Kit for blood,Escherichia_shigella.unclassified spp.
357,,,,Eubacterium,rectale,Glassing et al. 2016,blood and/or intestinal tissue,V1-V3,MoBio PowerMax Soil DNA Isolation Kit for tissue; PreAnalytiX PAXgene Blood DNA Kit for blood,Eubacterium.rectale
358,,,,Faecalibacterium,unclassified spp.,Glassing et al. 2016,blood and/or intestinal tissue,V1-V3,MoBio PowerMax Soil DNA Isolation Kit for tissue; PreAnalytiX PAXgene Blood DNA Kit for blood,Faecalibacterium.unclassified spp.
359,,,,Fastidiosipila,unclassified spp.,Glassing et al. 2016,blood and/or intestinal tissue,V1-V3,MoBio PowerMax Soil DNA Isolation Kit for tissue; PreAnalytiX PAXgene Blood DNA Kit for blood,Fastidiosipila.unclassified spp.
360,,,,Flavonifractor,unclassified spp.,Glassing et al. 2016,blood and/or intestinal tissue,V1-V3,MoBio PowerMax Soil DNA Isolation Kit for tissue; PreAnalytiX PAXgene Blood DNA Kit for blood,Flavonifractor.unclassified spp.
361,,,,Fusobacterium,nucleatum,Glassing et al. 2016,blood and/or intestinal tissue,V1-V3,MoBio PowerMax Soil DNA Isolation Kit for tissue; PreAnalytiX PAXgene Blood DNA Kit for blood,Fusobacterium.nucleatum
362,,,,Fusobacterium,unclassified spp.,Glassing et al. 2016,blood and/or intestinal tissue,V1-V3,MoBio PowerMax Soil DNA Isolation Kit for tissue; PreAnalytiX PAXgene Blood DNA Kit for blood,Fusobacterium.unclassified spp.
363,,,,Gemella,haemolysans,Glassing et al. 2016,blood and/or intestinal tissue,V1-V3,MoBio PowerMax Soil DNA Isolation Kit for tissue; PreAnalytiX PAXgene Blood DNA Kit for blood,Gemella.haemolysans
364,,,,Gemella,sanguinis,Glassing et al. 2016,blood and/or intestinal tissue,V1-V3,MoBio PowerMax Soil DNA Isolation Kit for tissue; PreAnalytiX PAXgene Blood DNA Kit for blood,Gemella.sanguinis
365,,,,Geobacillus,thermoparaffinivorans,Glassing et al. 2016,blood and/or intestinal tissue,V1-V3,MoBio PowerMax Soil DNA Isolation Kit for tissue; PreAnalytiX PAXgene Blood DNA Kit for blood,Geobacillus.thermoparaffinivorans
366,,,,Gordonia,otitidis,Glassing et al. 2016,blood and/or intestinal tissue,V1-V3,MoBio PowerMax Soil DNA Isolation Kit for tissue; PreAnalytiX PAXgene Blood DNA Kit for blood,Gordonia.otitidis
367,,,,Granulicatella,adiacens,Glassing et al. 2016,blood and/or intestinal tissue,V1-V3,MoBio PowerMax Soil DNA Isolation Kit for tissue; PreAnalytiX PAXgene Blood DNA Kit for blood,Granulicatella.adiacens
368,,,,Granulicatella,elegans,Glassing et al. 2016,blood and/or intestinal tissue,V1-V3,MoBio PowerMax Soil DNA Isolation Kit for tissue; PreAnalytiX PAXgene Blood DNA Kit for blood,Granulicatella.elegans
369,,,,Haemophilus,haemolyticus,Glassing et al. 2016,blood and/or intestinal tissue,V1-V3,MoBio PowerMax Soil DNA Isolation Kit for tissue; PreAnalytiX PAXgene Blood DNA Kit for blood,Haemophilus.haemolyticus
370,,,,Haemophilus,parainfluenzae,Glassing et al. 2016,blood and/or intestinal tissue,V1-V3,MoBio PowerMax Soil DNA Isolation Kit for tissue; PreAnalytiX PAXgene Blood DNA Kit for blood,Haemophilus.parainfluenzae
371,,,,Halocella,unclassified spp.,Glassing et al. 2016,blood and/or intestinal tissue,V1-V3,MoBio PowerMax Soil DNA Isolation Kit for tissue; PreAnalytiX PAXgene Blood DNA Kit for blood,Halocella.unclassified spp.
372,,,,Herbaspirillum,huttiense,Glassing et al. 2016,blood and/or intestinal tissue,V1-V3,MoBio PowerMax Soil DNA Isolation Kit for tissue; PreAnalytiX PAXgene Blood DNA Kit for blood,Herbaspirillum.huttiense
373,,,,Intestinibacter,clostridium bartlettii,Glassing et al. 2016,blood and/or intestinal tissue,V1-V3,MoBio PowerMax Soil DNA Isolation Kit for tissue; PreAnalytiX PAXgene Blood DNA Kit for blood,Intestinibacter.clostridium bartlettii
374,,,,Janthinobacterium,lividum,Glassing et al. 2016,blood and/or intestinal tissue,V1-V3,MoBio PowerMax Soil DNA Isolation Kit for tissue; PreAnalytiX PAXgene Blood DNA Kit for blood,Janthinobacterium.lividum
375,,,,Johnsonella,unclassified spp.,Glassing et al. 2016,blood and/or intestinal tissue,V1-V3,MoBio PowerMax Soil DNA Isolation Kit for tissue; PreAnalytiX PAXgene Blood DNA Kit for blood,Johnsonella.unclassified spp.
376,,,,Kingella,oralis,Glassing et al. 2016,blood and/or intestinal tissue,V1-V3,MoBio PowerMax Soil DNA Isolation Kit for tissue; PreAnalytiX PAXgene Blood DNA Kit for blood,Kingella.oralis
377,,,,Klebsiella,pneumoniae,Glassing et al. 2016,blood and/or intestinal tissue,V1-V3,MoBio PowerMax Soil DNA Isolation Kit for tissue; PreAnalytiX PAXgene Blood DNA Kit for blood,Klebsiella.pneumoniae
378,,,,Lachnoanaerobaculum,eubacterium saburreum,Glassing et al. 2016,blood and/or intestinal tissue,V1-V3,MoBio PowerMax Soil DNA Isolation Kit for tissue; PreAnalytiX PAXgene Blood DNA Kit for blood,Lachnoanaerobaculum.eubacterium saburreum
379,,,,Lachnoclostridium,clostridium bolteae,Glassing et al. 2016,blood and/or intestinal tissue,V1-V3,MoBio PowerMax Soil DNA Isolation Kit for tissue; PreAnalytiX PAXgene Blood DNA Kit for blood,Lachnoclostridium.clostridium bolteae
380,,,,Lachnoclostridium,clostridium hathewayi,Glassing et al. 2016,blood and/or intestinal tissue,V1-V3,MoBio PowerMax Soil DNA Isolation Kit for tissue; PreAnalytiX PAXgene Blood DNA Kit for blood,Lachnoclostridium.clostridium hathewayi
381,,,,Lachnospira,unclassified spp.,Glassing et al. 2016,blood and/or intestinal tissue,V1-V3,MoBio PowerMax Soil DNA Isolation Kit for tissue; PreAnalytiX PAXgene Blood DNA Kit for blood,Lachnospira.unclassified spp.
382,,,,Lactobacillus,fermentum,Glassing et al. 2016,blood and/or intestinal tissue,V1-V3,MoBio PowerMax Soil DNA Isolation Kit for tissue; PreAnalytiX PAXgene Blood DNA Kit for blood,Lactobacillus.fermentum
383,,,,Lactobacillus,salivarius,Glassing et al. 2016,blood and/or intestinal tissue,V1-V3,MoBio PowerMax Soil DNA Isolation Kit for tissue; PreAnalytiX PAXgene Blood DNA Kit for blood,Lactobacillus.salivarius
384,,,,Lactobacillus,unclassified spp.,Glassing et al. 2016,blood and/or intestinal tissue,V1-V3,MoBio PowerMax Soil DNA Isolation Kit for tissue; PreAnalytiX PAXgene Blood DNA Kit for blood,Lactobacillus.unclassified spp.
385,,,,Leptotrichia,buccalis,Glassing et al. 2016,blood and/or intestinal tissue,V1-V3,MoBio PowerMax Soil DNA Isolation Kit for tissue; PreAnalytiX PAXgene Blood DNA Kit for blood,Leptotrichia.buccalis
386,,,,Leptotrichia,unclassified spp.,Glassing et al. 2016,blood and/or intestinal tissue,V1-V3,MoBio PowerMax Soil DNA Isolation Kit for tissue; PreAnalytiX PAXgene Blood DNA Kit for blood,Leptotrichia.unclassified spp.
387,,,,Massilia,unclassified spp.,Glassing et al. 2016,blood and/or intestinal tissue,V1-V3,MoBio PowerMax Soil DNA Isolation Kit for tissue; PreAnalytiX PAXgene Blood DNA Kit for blood,Massilia.unclassified spp.
388,,,,Megasphaera,unclassified spp.,Glassing et al. 2016,blood and/or intestinal tissue,V1-V3,MoBio PowerMax Soil DNA Isolation Kit for tissue; PreAnalytiX PAXgene Blood DNA Kit for blood,Megasphaera.unclassified spp.
389,,,,Meiothermus,taiwanensis,Glassing et al. 2016,blood and/or intestinal tissue,V1-V3,MoBio PowerMax Soil DNA Isolation Kit for tissue; PreAnalytiX PAXgene Blood DNA Kit for blood,Meiothermus.taiwanensis
390,,,,Methylobacterium,komagatae,Glassing et al. 2016,blood and/or intestinal tissue,V1-V3,MoBio PowerMax Soil DNA Isolation Kit for tissue; PreAnalytiX PAXgene Blood DNA Kit for blood,Methylobacterium.komagatae
391,,,,Methylobacterium,radiotolerans,Glassing et al. 2016,blood and/or intestinal tissue,V1-V3,MoBio PowerMax Soil DNA Isolation Kit for tissue; PreAnalytiX PAXgene Blood DNA Kit for blood,Methylobacterium.radiotolerans
392,,,,Methylobacterium,suomiense,Glassing et al. 2016,blood and/or intestinal tissue,V1-V3,MoBio PowerMax Soil DNA Isolation Kit for tissue; PreAnalytiX PAXgene Blood DNA Kit for blood,Methylobacterium.suomiense
393,,,,Methylopila,capsulata,Glassing et al. 2016,blood and/or intestinal tissue,V1-V3,MoBio PowerMax Soil DNA Isolation Kit for tissue; PreAnalytiX PAXgene Blood DNA Kit for blood,Methylopila.capsulata
394,,,,Moryella,unclassified spp.,Glassing et al. 2016,blood and/or intestinal tissue,V1-V3,MoBio PowerMax Soil DNA Isolation Kit for tissue; PreAnalytiX PAXgene Blood DNA Kit for blood,Moryella.unclassified spp.
395,,,,Neisseria,cinerea,Glassing et al. 2016,blood and/or intestinal tissue,V1-V3,MoBio PowerMax Soil DNA Isolation Kit for tissue; PreAnalytiX PAXgene Blood DNA Kit for blood,Neisseria.cinerea
396,,,,Neisseria,flavescens,Glassing et al. 2016,blood and/or intestinal tissue,V1-V3,MoBio PowerMax Soil DNA Isolation Kit for tissue; PreAnalytiX PAXgene Blood DNA Kit for blood,Neisseria.flavescens
397,,,,Oscillospira,unclassified spp.,Glassing et al. 2016,blood and/or intestinal tissue,V1-V3,MoBio PowerMax Soil DNA Isolation Kit for tissue; PreAnalytiX PAXgene Blood DNA Kit for blood,Oscillospira.unclassified spp.
398,,,,Oxalobacter,unclassified spp.,Glassing et al. 2016,blood and/or intestinal tissue,V1-V3,MoBio PowerMax Soil DNA Isolation Kit for tissue; PreAnalytiX PAXgene Blood DNA Kit for blood,Oxalobacter.unclassified spp.
399,,,,Paenibacillus,filicis,Glassing et al. 2016,blood and/or intestinal tissue,V1-V3,MoBio PowerMax Soil DNA Isolation Kit for tissue; PreAnalytiX PAXgene Blood DNA Kit for blood,Paenibacillus.filicis
400,,,,Papillibacter,unclassified spp.,Glassing et al. 2016,blood and/or intestinal tissue,V1-V3,MoBio PowerMax Soil DNA Isolation Kit for tissue; PreAnalytiX PAXgene Blood DNA Kit for blood,Papillibacter.unclassified spp.
401,,,,Parabacteroides,distasonis,Glassing et al. 2016,blood and/or intestinal tissue,V1-V3,MoBio PowerMax Soil DNA Isolation Kit for tissue; PreAnalytiX PAXgene Blood DNA Kit for blood,Parabacteroides.distasonis
402,,,,Parasutterella,unclassified spp.,Glassing et al. 2016,blood and/or intestinal tissue,V1-V3,MoBio PowerMax Soil DNA Isolation Kit for tissue; PreAnalytiX PAXgene Blood DNA Kit for blood,Parasutterella.unclassified spp.
403,,,,Parvimonas,micra,Glassing et al. 2016,blood and/or intestinal tissue,V1-V3,MoBio PowerMax Soil DNA Isolation Kit for tissue; PreAnalytiX PAXgene Blood DNA Kit for blood,Parvimonas.micra
404,,,,Pelomonas,unclassified spp.,Glassing et al. 2016,blood and/or intestinal tissue,V1-V3,MoBio PowerMax Soil DNA Isolation Kit for tissue; PreAnalytiX PAXgene Blood DNA Kit for blood,Pelomonas.unclassified spp.
405,,,,Peptococcus,niger,Glassing et al. 2016,blood and/or intestinal tissue,V1-V3,MoBio PowerMax Soil DNA Isolation Kit for tissue; PreAnalytiX PAXgene Blood DNA Kit for blood,Peptococcus.niger
406,,,,Peptoniphilus,candidatus peptoniphilus_massiliensis,Glassing et al. 2016,blood and/or intestinal tissue,V1-V3,MoBio PowerMax Soil DNA Isolation Kit for tissue; PreAnalytiX PAXgene Blood DNA Kit for blood,Peptoniphilus.candidatus peptoniphilus_massiliensis
407,,,,Pilimelia,unclassified spp.,Glassing et al. 2016,blood and/or intestinal tissue,V1-V3,MoBio PowerMax Soil DNA Isolation Kit for tissue; PreAnalytiX PAXgene Blood DNA Kit for blood,Pilimelia.unclassified spp.
408,,,,Porphyromonas,endodontalis,Glassing et al. 2016,blood and/or intestinal tissue,V1-V3,MoBio PowerMax Soil DNA Isolation Kit for tissue; PreAnalytiX PAXgene Blood DNA Kit for blood,Porphyromonas.endodontalis
409,,,,Prevotella,buccalis,Glassing et al. 2016,blood and/or intestinal tissue,V1-V3,MoBio PowerMax Soil DNA Isolation Kit for tissue; PreAnalytiX PAXgene Blood DNA Kit for blood,Prevotella.buccalis
410,,,,Prevotella,loescheii,Glassing et al. 2016,blood and/or intestinal tissue,V1-V3,MoBio PowerMax Soil DNA Isolation Kit for tissue; PreAnalytiX PAXgene Blood DNA Kit for blood,Prevotella.loescheii
411,,,,Prevotella,melaninogenica,Glassing et al. 2016,blood and/or intestinal tissue,V1-V3,MoBio PowerMax Soil DNA Isolation Kit for tissue; PreAnalytiX PAXgene Blood DNA Kit for blood,Prevotella.melaninogenica
412,,,,Prevotella,oris,Glassing et al. 2016,blood and/or intestinal tissue,V1-V3,MoBio PowerMax Soil DNA Isolation Kit for tissue; PreAnalytiX PAXgene Blood DNA Kit for blood,Prevotella.oris
413,,,,Prevotella,unclassified spp.,Glassing et al. 2016,blood and/or intestinal tissue,V1-V3,MoBio PowerMax Soil DNA Isolation Kit for tissue; PreAnalytiX PAXgene Blood DNA Kit for blood,Prevotella.unclassified spp.
414,,,,Propionibacterium,acnes,Glassing et al. 2016,blood and/or intestinal tissue,V1-V3,MoBio PowerMax Soil DNA Isolation Kit for tissue; PreAnalytiX PAXgene Blood DNA Kit for blood,Propionibacterium.acnes
415,,,,Propionibacterium,granulosum,Glassing et al. 2016,blood and/or intestinal tissue,V1-V3,MoBio PowerMax Soil DNA Isolation Kit for tissue; PreAnalytiX PAXgene Blood DNA Kit for blood,Propionibacterium.granulosum
416,,,,Pseudobutyrivibrio,unclassified spp.,Glassing et al. 2016,blood and/or intestinal tissue,V1-V3,MoBio PowerMax Soil DNA Isolation Kit for tissue; PreAnalytiX PAXgene Blood DNA Kit for blood,Pseudobutyrivibrio.unclassified spp.
417,,,,Pseudoclavibacter,zimmermannella bifida,Glassing et al. 2016,blood and/or intestinal tissue,V1-V3,MoBio PowerMax Soil DNA Isolation Kit for tissue; PreAnalytiX PAXgene Blood DNA Kit for blood,Pseudoclavibacter.zimmermannella bifida
418,,,,Pseudoflavonifractor,bacteroides capillosus,Glassing et al. 2016,blood and/or intestinal tissue,V1-V3,MoBio PowerMax Soil DNA Isolation Kit for tissue; PreAnalytiX PAXgene Blood DNA Kit for blood,Pseudoflavonifractor.bacteroides capillosus
419,,,,Pseudomonas,fluorescens,Glassing et al. 2016,blood and/or intestinal tissue,V1-V3,MoBio PowerMax Soil DNA Isolation Kit for tissue; PreAnalytiX PAXgene Blood DNA Kit for blood,Pseudomonas.fluorescens
420,,,,Pseudomonas,synxantha,Glassing et al. 2016,blood and/or intestinal tissue,V1-V3,MoBio PowerMax Soil DNA Isolation Kit for tissue; PreAnalytiX PAXgene Blood DNA Kit for blood,Pseudomonas.synxantha
421,,,,Pseudorhodoferax,unclassified spp.,Glassing et al. 2016,blood and/or intestinal tissue,V1-V3,MoBio PowerMax Soil DNA Isolation Kit for tissue; PreAnalytiX PAXgene Blood DNA Kit for blood,Pseudorhodoferax.unclassified spp.
422,,,,Quinella,unclassified spp.,Glassing et al. 2016,blood and/or intestinal tissue,V1-V3,MoBio PowerMax Soil DNA Isolation Kit for tissue; PreAnalytiX PAXgene Blood DNA Kit for blood,Quinella.unclassified spp.
423,,,,Roseateles,depolymerans,Glassing et al. 2016,blood and/or intestinal tissue,V1-V3,MoBio PowerMax Soil DNA Isolation Kit for tissue; PreAnalytiX PAXgene Blood DNA Kit for blood,Roseateles.depolymerans
424,,,,Roseburia,faecis,Glassing et al. 2016,blood and/or intestinal tissue,V1-V3,MoBio PowerMax Soil DNA Isolation Kit for tissue; PreAnalytiX PAXgene Blood DNA Kit for blood,Roseburia.faecis
425,,,,Roseburia,unclassified spp.,Glassing et al. 2016,blood and/or intestinal tissue,V1-V3,MoBio PowerMax Soil DNA Isolation Kit for tissue; PreAnalytiX PAXgene Blood DNA Kit for blood,Roseburia.unclassified spp.
426,,,,Roseomonas,cervicalis,Glassing et al. 2016,blood and/or intestinal tissue,V1-V3,MoBio PowerMax Soil DNA Isolation Kit for tissue; PreAnalytiX PAXgene Blood DNA Kit for blood,Roseomonas.cervicalis
427,,,,Rothia,aeria,Glassing et al. 2016,blood and/or intestinal tissue,V1-V3,MoBio PowerMax Soil DNA Isolation Kit for tissue; PreAnalytiX PAXgene Blood DNA Kit for blood,Rothia.aeria
428,,,,Rubellimicrobium,unclassified spp.,Glassing et al. 2016,blood and/or intestinal tissue,V1-V3,MoBio PowerMax Soil DNA Isolation Kit for tissue; PreAnalytiX PAXgene Blood DNA Kit for blood,Rubellimicrobium.unclassified spp.
429,,,,Ruegeria,unclassified spp.,Glassing et al. 2016,blood and/or intestinal tissue,V1-V3,MoBio PowerMax Soil DNA Isolation Kit for tissue; PreAnalytiX PAXgene Blood DNA Kit for blood,Ruegeria.unclassified spp.
430,,,,Ruminiclostridium,eubacterium siraeum,Glassing et al. 2016,blood and/or intestinal tissue,V1-V3,MoBio PowerMax Soil DNA Isolation Kit for tissue; PreAnalytiX PAXgene Blood DNA Kit for blood,Ruminiclostridium.eubacterium siraeum
431,,,,Ruminococcus,unclassified spp.,Glassing et al. 2016,blood and/or intestinal tissue,V1-V3,MoBio PowerMax Soil DNA Isolation Kit for tissue; PreAnalytiX PAXgene Blood DNA Kit for blood,Ruminococcus.unclassified spp.
432,,,,Selenomonas,sputigena,Glassing et al. 2016,blood and/or intestinal tissue,V1-V3,MoBio PowerMax Soil DNA Isolation Kit for tissue; PreAnalytiX PAXgene Blood DNA Kit for blood,Selenomonas.sputigena
433,,,,Selenomonas,unclassified spp.,Glassing et al. 2016,blood and/or intestinal tissue,V1-V3,MoBio PowerMax Soil DNA Isolation Kit for tissue; PreAnalytiX PAXgene Blood DNA Kit for blood,Selenomonas.unclassified spp.
434,,,,Serratia,marcescens,Glassing et al. 2016,blood and/or intestinal tissue,V1-V3,MoBio PowerMax Soil DNA Isolation Kit for tissue; PreAnalytiX PAXgene Blood DNA Kit for blood,Serratia.marcescens
435,,,,Slackia,human intestinal,Glassing et al. 2016,blood and/or intestinal tissue,V1-V3,MoBio PowerMax Soil DNA Isolation Kit for tissue; PreAnalytiX PAXgene Blood DNA Kit for blood,Slackia.human intestinal
436,,,,Solobacterium,moorei,Glassing et al. 2016,blood and/or intestinal tissue,V1-V3,MoBio PowerMax Soil DNA Isolation Kit for tissue; PreAnalytiX PAXgene Blood DNA Kit for blood,Solobacterium.moorei
437,,,,Sphingobacterium,unclassified spp.,Glassing et al. 2016,blood and/or intestinal tissue,V1-V3,MoBio PowerMax Soil DNA Isolation Kit for tissue; PreAnalytiX PAXgene Blood DNA Kit for blood,Sphingobacterium.unclassified spp.
438,,,,Staphylococcus,epidermidis,Glassing et al. 2016,blood and/or intestinal tissue,V1-V3,MoBio PowerMax Soil DNA Isolation Kit for tissue; PreAnalytiX PAXgene Blood DNA Kit for blood,Staphylococcus.epidermidis
439,,,,Staphylococcus,haemolyticus,Glassing et al. 2016,blood and/or intestinal tissue,V1-V3,MoBio PowerMax Soil DNA Isolation Kit for tissue; PreAnalytiX PAXgene Blood DNA Kit for blood,Staphylococcus.haemolyticus
440,,,,Staphylococcus,hominis,Glassing et al. 2016,blood and/or intestinal tissue,V1-V3,MoBio PowerMax Soil DNA Isolation Kit for tissue; PreAnalytiX PAXgene Blood DNA Kit for blood,Staphylococcus.hominis
441,,,,Staphylococcus,lugdunensis,Glassing et al. 2016,blood and/or intestinal tissue,V1-V3,MoBio PowerMax Soil DNA Isolation Kit for tissue; PreAnalytiX PAXgene Blood DNA Kit for blood,Staphylococcus.lugdunensis
442,,,,Stenotrophomonas,maltophilia,Glassing et al. 2016,blood and/or intestinal tissue,V1-V3,MoBio PowerMax Soil DNA Isolation Kit for tissue; PreAnalytiX PAXgene Blood DNA Kit for blood,Stenotrophomonas.maltophilia
443,,,,Streptococcus,alactolyticus,Glassing et al. 2016,blood and/or intestinal tissue,V1-V3,MoBio PowerMax Soil DNA Isolation Kit for tissue; PreAnalytiX PAXgene Blood DNA Kit for blood,Streptococcus.alactolyticus
444,,,,Streptococcus,cristatus,Glassing et al. 2016,blood and/or intestinal tissue,V1-V3,MoBio PowerMax Soil DNA Isolation Kit for tissue; PreAnalytiX PAXgene Blood DNA Kit for blood,Streptococcus.cristatus
445,,,,Streptococcus,genomosp. c3,Glassing et al. 2016,blood and/or intestinal tissue,V1-V3,MoBio PowerMax Soil DNA Isolation Kit for tissue; PreAnalytiX PAXgene Blood DNA Kit for blood,Streptococcus.genomosp. c3
446,,,,Streptococcus,genomosp. c6,Glassing et al. 2016,blood and/or intestinal tissue,V1-V3,MoBio PowerMax Soil DNA Isolation Kit for tissue; PreAnalytiX PAXgene Blood DNA Kit for blood,Streptococcus.genomosp. c6
447,,,,Streptococcus,gordonii,Glassing et al. 2016,blood and/or intestinal tissue,V1-V3,MoBio PowerMax Soil DNA Isolation Kit for tissue; PreAnalytiX PAXgene Blood DNA Kit for blood,Streptococcus.gordonii
448,,,,Streptococcus,infantis,Glassing et al. 2016,blood and/or intestinal tissue,V1-V3,MoBio PowerMax Soil DNA Isolation Kit for tissue; PreAnalytiX PAXgene Blood DNA Kit for blood,Streptococcus.infantis
449,,,,Streptococcus,intermedius,Glassing et al. 2016,blood and/or intestinal tissue,V1-V3,MoBio PowerMax Soil DNA Isolation Kit for tissue; PreAnalytiX PAXgene Blood DNA Kit for blood,Streptococcus.intermedius
450,,,,Streptococcus,mitis,Glassing et al. 2016,blood and/or intestinal tissue,V1-V3,MoBio PowerMax Soil DNA Isolation Kit for tissue; PreAnalytiX PAXgene Blood DNA Kit for blood,Streptococcus.mitis
451,,,,Streptococcus,mutans,Glassing et al. 2016,blood and/or intestinal tissue,V1-V3,MoBio PowerMax Soil DNA Isolation Kit for tissue; PreAnalytiX PAXgene Blood DNA Kit for blood,Streptococcus.mutans
452,,,,Streptococcus,oralis,Glassing et al. 2016,blood and/or intestinal tissue,V1-V3,MoBio PowerMax Soil DNA Isolation Kit for tissue; PreAnalytiX PAXgene Blood DNA Kit for blood,Streptococcus.oralis
453,,,,Streptococcus,pseudopneumoniae,Glassing et al. 2016,blood and/or intestinal tissue,V1-V3,MoBio PowerMax Soil DNA Isolation Kit for tissue; PreAnalytiX PAXgene Blood DNA Kit for blood,Streptococcus.pseudopneumoniae
454,,,,Streptococcus,thermophilus,Glassing et al. 2016,blood and/or intestinal tissue,V1-V3,MoBio PowerMax Soil DNA Isolation Kit for tissue; PreAnalytiX PAXgene Blood DNA Kit for blood,Streptococcus.thermophilus
455,,,,Streptococcus,unclassified spp.,Glassing et al. 2016,blood and/or intestinal tissue,V1-V3,MoBio PowerMax Soil DNA Isolation Kit for tissue; PreAnalytiX PAXgene Blood DNA Kit for blood,Streptococcus.unclassified spp.
456,,,,Trichococcus,collinsii,Glassing et al. 2016,blood and/or intestinal tissue,V1-V3,MoBio PowerMax Soil DNA Isolation Kit for tissue; PreAnalytiX PAXgene Blood DNA Kit for blood,Trichococcus.collinsii
457,,,,Tumebacillus,unclassified spp.,Glassing et al. 2016,blood and/or intestinal tissue,V1-V3,MoBio PowerMax Soil DNA Isolation Kit for tissue; PreAnalytiX PAXgene Blood DNA Kit for blood,Tumebacillus.unclassified spp.
458,,,,Turicibacter,sanguinis,Glassing et al. 2016,blood and/or intestinal tissue,V1-V3,MoBio PowerMax Soil DNA Isolation Kit for tissue; PreAnalytiX PAXgene Blood DNA Kit for blood,Turicibacter.sanguinis
459,,,,Tyzzerella,clostridium lactatifermentans,Glassing et al. 2016,blood and/or intestinal tissue,V1-V3,MoBio PowerMax Soil DNA Isolation Kit for tissue; PreAnalytiX PAXgene Blood DNA Kit for blood,Tyzzerella.clostridium lactatifermentans
460,,,,Veillonella,dispar,Glassing et al. 2016,blood and/or intestinal tissue,V1-V3,MoBio PowerMax Soil DNA Isolation Kit for tissue; PreAnalytiX PAXgene Blood DNA Kit for blood,Veillonella.dispar
461,,,,Veillonella,parvula,Glassing et al. 2016,blood and/or intestinal tissue,V1-V3,MoBio PowerMax Soil DNA Isolation Kit for tissue; PreAnalytiX PAXgene Blood DNA Kit for blood,Veillonella.parvula
462,,,,Veillonella,unclassified spp.,Glassing et al. 2016,blood and/or intestinal tissue,V1-V3,MoBio PowerMax Soil DNA Isolation Kit for tissue; PreAnalytiX PAXgene Blood DNA Kit for blood,Veillonella.unclassified spp.
463,,,,Xylanibacter,unclassified spp.,Glassing et al. 2016,blood and/or intestinal tissue,V1-V3,MoBio PowerMax Soil DNA Isolation Kit for tissue; PreAnalytiX PAXgene Blood DNA Kit for blood,Xylanibacter.unclassified spp.
